[
{
  "model": "admin.logentry",
  "pk": 1,
  "fields": {
    "action_time": "2021-11-26T17:54:03.476Z",
    "user": 1,
    "content_type": 4,
    "object_id": "5",
    "object_repr": "adminfly",
    "action_flag": 1,
    "change_message": "[{\"added\": {}}]"
  }
},
{
  "model": "admin.logentry",
  "pk": 2,
  "fields": {
    "action_time": "2021-11-26T17:54:33.882Z",
    "user": 1,
    "content_type": 7,
    "object_id": "1",
    "object_repr": "adminfly",
    "action_flag": 1,
    "change_message": "[{\"added\": {}}]"
  }
},
{
  "model": "admin.logentry",
  "pk": 3,
  "fields": {
    "action_time": "2021-11-26T17:54:57.614Z",
    "user": 1,
    "content_type": 4,
    "object_id": "5",
    "object_repr": "adminfly",
    "action_flag": 2,
    "change_message": "[{\"changed\": {\"fields\": [\"User permissions\"]}}]"
  }
},
{
  "model": "auth.permission",
  "pk": 1,
  "fields": {
    "name": "Can add log entry",
    "content_type": 1,
    "codename": "add_logentry"
  }
},
{
  "model": "auth.permission",
  "pk": 2,
  "fields": {
    "name": "Can change log entry",
    "content_type": 1,
    "codename": "change_logentry"
  }
},
{
  "model": "auth.permission",
  "pk": 3,
  "fields": {
    "name": "Can delete log entry",
    "content_type": 1,
    "codename": "delete_logentry"
  }
},
{
  "model": "auth.permission",
  "pk": 4,
  "fields": {
    "name": "Can view log entry",
    "content_type": 1,
    "codename": "view_logentry"
  }
},
{
  "model": "auth.permission",
  "pk": 5,
  "fields": {
    "name": "Can add permission",
    "content_type": 2,
    "codename": "add_permission"
  }
},
{
  "model": "auth.permission",
  "pk": 6,
  "fields": {
    "name": "Can change permission",
    "content_type": 2,
    "codename": "change_permission"
  }
},
{
  "model": "auth.permission",
  "pk": 7,
  "fields": {
    "name": "Can delete permission",
    "content_type": 2,
    "codename": "delete_permission"
  }
},
{
  "model": "auth.permission",
  "pk": 8,
  "fields": {
    "name": "Can view permission",
    "content_type": 2,
    "codename": "view_permission"
  }
},
{
  "model": "auth.permission",
  "pk": 9,
  "fields": {
    "name": "Can add group",
    "content_type": 3,
    "codename": "add_group"
  }
},
{
  "model": "auth.permission",
  "pk": 10,
  "fields": {
    "name": "Can change group",
    "content_type": 3,
    "codename": "change_group"
  }
},
{
  "model": "auth.permission",
  "pk": 11,
  "fields": {
    "name": "Can delete group",
    "content_type": 3,
    "codename": "delete_group"
  }
},
{
  "model": "auth.permission",
  "pk": 12,
  "fields": {
    "name": "Can view group",
    "content_type": 3,
    "codename": "view_group"
  }
},
{
  "model": "auth.permission",
  "pk": 13,
  "fields": {
    "name": "Can add user",
    "content_type": 4,
    "codename": "add_user"
  }
},
{
  "model": "auth.permission",
  "pk": 14,
  "fields": {
    "name": "Can change user",
    "content_type": 4,
    "codename": "change_user"
  }
},
{
  "model": "auth.permission",
  "pk": 15,
  "fields": {
    "name": "Can delete user",
    "content_type": 4,
    "codename": "delete_user"
  }
},
{
  "model": "auth.permission",
  "pk": 16,
  "fields": {
    "name": "Can view user",
    "content_type": 4,
    "codename": "view_user"
  }
},
{
  "model": "auth.permission",
  "pk": 17,
  "fields": {
    "name": "Can add content type",
    "content_type": 5,
    "codename": "add_contenttype"
  }
},
{
  "model": "auth.permission",
  "pk": 18,
  "fields": {
    "name": "Can change content type",
    "content_type": 5,
    "codename": "change_contenttype"
  }
},
{
  "model": "auth.permission",
  "pk": 19,
  "fields": {
    "name": "Can delete content type",
    "content_type": 5,
    "codename": "delete_contenttype"
  }
},
{
  "model": "auth.permission",
  "pk": 20,
  "fields": {
    "name": "Can view content type",
    "content_type": 5,
    "codename": "view_contenttype"
  }
},
{
  "model": "auth.permission",
  "pk": 21,
  "fields": {
    "name": "Can add session",
    "content_type": 6,
    "codename": "add_session"
  }
},
{
  "model": "auth.permission",
  "pk": 22,
  "fields": {
    "name": "Can change session",
    "content_type": 6,
    "codename": "change_session"
  }
},
{
  "model": "auth.permission",
  "pk": 23,
  "fields": {
    "name": "Can delete session",
    "content_type": 6,
    "codename": "delete_session"
  }
},
{
  "model": "auth.permission",
  "pk": 24,
  "fields": {
    "name": "Can view session",
    "content_type": 6,
    "codename": "view_session"
  }
},
{
  "model": "auth.permission",
  "pk": 25,
  "fields": {
    "name": "Can add administradores",
    "content_type": 7,
    "codename": "add_administradores"
  }
},
{
  "model": "auth.permission",
  "pk": 26,
  "fields": {
    "name": "Can change administradores",
    "content_type": 7,
    "codename": "change_administradores"
  }
},
{
  "model": "auth.permission",
  "pk": 27,
  "fields": {
    "name": "Can delete administradores",
    "content_type": 7,
    "codename": "delete_administradores"
  }
},
{
  "model": "auth.permission",
  "pk": 28,
  "fields": {
    "name": "Can view administradores",
    "content_type": 7,
    "codename": "view_administradores"
  }
},
{
  "model": "auth.permission",
  "pk": 29,
  "fields": {
    "name": "Usuario administrador",
    "content_type": 7,
    "codename": "admin_user"
  }
},
{
  "model": "auth.permission",
  "pk": 30,
  "fields": {
    "name": "Can add clientes",
    "content_type": 8,
    "codename": "add_clientes"
  }
},
{
  "model": "auth.permission",
  "pk": 31,
  "fields": {
    "name": "Can change clientes",
    "content_type": 8,
    "codename": "change_clientes"
  }
},
{
  "model": "auth.permission",
  "pk": 32,
  "fields": {
    "name": "Can delete clientes",
    "content_type": 8,
    "codename": "delete_clientes"
  }
},
{
  "model": "auth.permission",
  "pk": 33,
  "fields": {
    "name": "Can view clientes",
    "content_type": 8,
    "codename": "view_clientes"
  }
},
{
  "model": "auth.permission",
  "pk": 34,
  "fields": {
    "name": "Usuario Cliente",
    "content_type": 8,
    "codename": "cliente_user"
  }
},
{
  "model": "auth.permission",
  "pk": 35,
  "fields": {
    "name": "Can add vuelos",
    "content_type": 9,
    "codename": "add_vuelos"
  }
},
{
  "model": "auth.permission",
  "pk": 36,
  "fields": {
    "name": "Can change vuelos",
    "content_type": 9,
    "codename": "change_vuelos"
  }
},
{
  "model": "auth.permission",
  "pk": 37,
  "fields": {
    "name": "Can delete vuelos",
    "content_type": 9,
    "codename": "delete_vuelos"
  }
},
{
  "model": "auth.permission",
  "pk": 38,
  "fields": {
    "name": "Can view vuelos",
    "content_type": 9,
    "codename": "view_vuelos"
  }
},
{
  "model": "auth.permission",
  "pk": 39,
  "fields": {
    "name": "Can add viajero",
    "content_type": 10,
    "codename": "add_viajero"
  }
},
{
  "model": "auth.permission",
  "pk": 40,
  "fields": {
    "name": "Can change viajero",
    "content_type": 10,
    "codename": "change_viajero"
  }
},
{
  "model": "auth.permission",
  "pk": 41,
  "fields": {
    "name": "Can delete viajero",
    "content_type": 10,
    "codename": "delete_viajero"
  }
},
{
  "model": "auth.permission",
  "pk": 42,
  "fields": {
    "name": "Can view viajero",
    "content_type": 10,
    "codename": "view_viajero"
  }
},
{
  "model": "auth.permission",
  "pk": 43,
  "fields": {
    "name": "Can add reservas",
    "content_type": 11,
    "codename": "add_reservas"
  }
},
{
  "model": "auth.permission",
  "pk": 44,
  "fields": {
    "name": "Can change reservas",
    "content_type": 11,
    "codename": "change_reservas"
  }
},
{
  "model": "auth.permission",
  "pk": 45,
  "fields": {
    "name": "Can delete reservas",
    "content_type": 11,
    "codename": "delete_reservas"
  }
},
{
  "model": "auth.permission",
  "pk": 46,
  "fields": {
    "name": "Can view reservas",
    "content_type": 11,
    "codename": "view_reservas"
  }
},
{
  "model": "auth.permission",
  "pk": 47,
  "fields": {
    "name": "Can add compras",
    "content_type": 12,
    "codename": "add_compras"
  }
},
{
  "model": "auth.permission",
  "pk": 48,
  "fields": {
    "name": "Can change compras",
    "content_type": 12,
    "codename": "change_compras"
  }
},
{
  "model": "auth.permission",
  "pk": 49,
  "fields": {
    "name": "Can delete compras",
    "content_type": 12,
    "codename": "delete_compras"
  }
},
{
  "model": "auth.permission",
  "pk": 50,
  "fields": {
    "name": "Can view compras",
    "content_type": 12,
    "codename": "view_compras"
  }
},
{
  "model": "auth.permission",
  "pk": 51,
  "fields": {
    "name": "Can add tarjeta debito",
    "content_type": 13,
    "codename": "add_tarjetadebito"
  }
},
{
  "model": "auth.permission",
  "pk": 52,
  "fields": {
    "name": "Can change tarjeta debito",
    "content_type": 13,
    "codename": "change_tarjetadebito"
  }
},
{
  "model": "auth.permission",
  "pk": 53,
  "fields": {
    "name": "Can delete tarjeta debito",
    "content_type": 13,
    "codename": "delete_tarjetadebito"
  }
},
{
  "model": "auth.permission",
  "pk": 54,
  "fields": {
    "name": "Can view tarjeta debito",
    "content_type": 13,
    "codename": "view_tarjetadebito"
  }
},
{
  "model": "auth.permission",
  "pk": 55,
  "fields": {
    "name": "Can add tarjeta credito",
    "content_type": 14,
    "codename": "add_tarjetacredito"
  }
},
{
  "model": "auth.permission",
  "pk": 56,
  "fields": {
    "name": "Can change tarjeta credito",
    "content_type": 14,
    "codename": "change_tarjetacredito"
  }
},
{
  "model": "auth.permission",
  "pk": 57,
  "fields": {
    "name": "Can delete tarjeta credito",
    "content_type": 14,
    "codename": "delete_tarjetacredito"
  }
},
{
  "model": "auth.permission",
  "pk": 58,
  "fields": {
    "name": "Can view tarjeta credito",
    "content_type": 14,
    "codename": "view_tarjetacredito"
  }
},
{
  "model": "auth.user",
  "pk": 1,
  "fields": {
    "password": "pbkdf2_sha256$260000$PVV47uUoEdLynOauCGzK7v$kJol3l4fxLqTi0M25ZYLvzKjFMELjaBy57/6357+UCM=",
    "last_login": "2021-11-26T17:53:35.785Z",
    "is_superuser": true,
    "username": "marmota",
    "first_name": "",
    "last_name": "",
    "email": "marmotafly@gmail.com",
    "is_staff": true,
    "is_active": true,
    "date_joined": "2021-11-26T17:48:18.404Z",
    "groups": [],
    "user_permissions": []
  }
},
{
  "model": "auth.user",
  "pk": 2,
  "fields": {
    "password": "pbkdf2_sha256$260000$6gyzpcj2bvwJucIByJaheo$rbyrYxYnVKCDKDVo9HDnLAEBe1wYOPgke9P3D8X+8c4=",
    "last_login": null,
    "is_superuser": false,
    "username": "anderson",
    "first_name": "anderson",
    "last_name": "Gomez",
    "email": "anderson@user.com",
    "is_staff": false,
    "is_active": true,
    "date_joined": "2021-11-26T17:48:38.135Z",
    "groups": [],
    "user_permissions": [
      34
    ]
  }
},
{
  "model": "auth.user",
  "pk": 3,
  "fields": {
    "password": "pbkdf2_sha256$260000$xWdXFGk3Tzidlg18MdZXhu$SgGuT+VIgyeqhWrx+crNtNVFIZZGr7JE1YUBkokWhW8=",
    "last_login": "2021-11-26T17:50:38.746Z",
    "is_superuser": false,
    "username": "sebas",
    "first_name": "sebastian",
    "last_name": "londoño",
    "email": "sebastian@user.com",
    "is_staff": false,
    "is_active": true,
    "date_joined": "2021-11-26T17:50:28.516Z",
    "groups": [],
    "user_permissions": [
      34
    ]
  }
},
{
  "model": "auth.user",
  "pk": 4,
  "fields": {
    "password": "pbkdf2_sha256$260000$3xKhAylR7nXOcVN1PRgD2Z$pHH1GQ5nNAc+TVyfS5e2QpvyKHul/pI2ps1aE8SAppk=",
    "last_login": "2021-11-26T17:53:16.253Z",
    "is_superuser": false,
    "username": "jose",
    "first_name": "jose daniel",
    "last_name": "Gordon",
    "email": "jose@user.com",
    "is_staff": false,
    "is_active": true,
    "date_joined": "2021-11-26T17:53:10.915Z",
    "groups": [],
    "user_permissions": [
      34
    ]
  }
},
{
  "model": "auth.user",
  "pk": 5,
  "fields": {
    "password": "pbkdf2_sha256$260000$V88bKN8XWb4NiFRNqeDACQ$Na0VzZQmeCJms+LMlAicS1xzJ0b/tzXH2bnOM2F182Y=",
    "last_login": "2021-11-26T17:55:18.428Z",
    "is_superuser": false,
    "username": "adminfly",
    "first_name": "",
    "last_name": "",
    "email": "",
    "is_staff": false,
    "is_active": true,
    "date_joined": "2021-11-26T17:54:03Z",
    "groups": [],
    "user_permissions": [
      29
    ]
  }
},
{
  "model": "gestion_usuarios.administradores",
  "pk": 1,
  "fields": {
    "user": 5,
    "DNI": 852147963,
    "genero": "M",
    "fecha_nacimiento": "1963-11-26",
    "lugar_nacimiento": "Pereira"
  }
},
{
  "model": "gestion_usuarios.clientes",
  "pk": 1,
  "fields": {
    "user": 2,
    "DNI": 12345678,
    "genero": "M",
    "fecha_nacimiento": "1995-11-04",
    "lugar_nacimiento": "Pereira",
    "direccion": "Carrera 14",
    "suscripcion": false
  }
},
{
  "model": "gestion_usuarios.clientes",
  "pk": 2,
  "fields": {
    "user": 3,
    "DNI": 789456123,
    "genero": "M",
    "fecha_nacimiento": "1998-11-03",
    "lugar_nacimiento": "Quibdó",
    "direccion": "Carrera 15",
    "suscripcion": false
  }
},
{
  "model": "gestion_usuarios.clientes",
  "pk": 3,
  "fields": {
    "user": 4,
    "DNI": 456789123,
    "genero": "M",
    "fecha_nacimiento": "1999-11-12",
    "lugar_nacimiento": "Santa Marta",
    "direccion": "Carrera 16",
    "suscripcion": false
  }
},
{
  "model": "gestion_vuelos.vuelos",
  "pk": 1,
  "fields": {
    "tipo_vuelo": "nacional",
    "fecha_vuelo": "2022-12-12T05:00:00Z",
    "origen": "Pereira",
    "destino": "Bogota",
    "tiempo_Vuelo": "15:00:00",
    "fecha_llegada": "2022-12-12T20:00:00Z",
    "costo": 1500.0,
    "capacidad": 150,
    "estado": false
  }
},
{
  "model": "gestion_vuelos.vuelos",
  "pk": 2,
  "fields": {
    "tipo_vuelo": "internacional",
    "fecha_vuelo": "2022-04-03T05:00:00Z",
    "origen": "Pereira",
    "destino": "Madrid",
    "tiempo_Vuelo": "18:00:00",
    "fecha_llegada": "2022-04-03T23:00:00Z",
    "costo": 4500000.0,
    "capacidad": 250,
    "estado": false
  }
},
{
  "model": "gestion_vuelos.vuelos",
  "pk": 3,
  "fields": {
    "tipo_vuelo": "internacional",
    "fecha_vuelo": "2022-04-03T05:00:00Z",
    "origen": "Cali",
    "destino": "New York",
    "tiempo_Vuelo": "08:00:00",
    "fecha_llegada": "2022-04-03T13:00:00Z",
    "costo": 3200000.0,
    "capacidad": 250,
    "estado": false
  }
},
{
  "model": "gestion_vuelos.vuelos",
  "pk": 4,
  "fields": {
    "tipo_vuelo": "internacional",
    "fecha_vuelo": "2022-04-03T05:00:00Z",
    "origen": "Bogota",
    "destino": "Londres",
    "tiempo_Vuelo": "15:00:00",
    "fecha_llegada": "2022-04-03T20:00:00Z",
    "costo": 5100000.0,
    "capacidad": 250,
    "estado": false
  }
},
{
  "model": "gestion_vuelos.vuelos",
  "pk": 5,
  "fields": {
    "tipo_vuelo": "nacional",
    "fecha_vuelo": "2022-07-03T05:00:00Z",
    "origen": "Bogota",
    "destino": "Cali",
    "tiempo_Vuelo": "00:45:00",
    "fecha_llegada": "2022-07-03T05:45:00Z",
    "costo": 120000.0,
    "capacidad": 150,
    "estado": false
  }
},
{
  "model": "gestion_vuelos.vuelos",
  "pk": 6,
  "fields": {
    "tipo_vuelo": "nacional",
    "fecha_vuelo": "2022-05-08T05:00:00Z",
    "origen": "Cali",
    "destino": "Cartagena",
    "tiempo_Vuelo": "01:20:00",
    "fecha_llegada": "2022-05-08T06:20:00Z",
    "costo": 315000.0,
    "capacidad": 150,
    "estado": false
  }
},
{
  "model": "gestion_vuelos.vuelos",
  "pk": 7,
  "fields": {
    "tipo_vuelo": "nacional",
    "fecha_vuelo": "2022-09-03T05:00:00Z",
    "origen": "Cartagena",
    "destino": "Pereira",
    "tiempo_Vuelo": "02:30:00",
    "fecha_llegada": "2022-09-03T07:30:00Z",
    "costo": 220000.0,
    "capacidad": 150,
    "estado": false
  }
},
{
  "model": "gestion_vuelos.vuelos",
  "pk": 8,
  "fields": {
    "tipo_vuelo": "internacional",
    "fecha_vuelo": "2021-11-26T20:14:00Z",
    "origen": "Pereira",
    "destino": "Madrid",
    "tiempo_Vuelo": "07:15:00",
    "fecha_llegada": "2021-11-27T03:29:00Z",
    "costo": 3500.0,
    "capacidad": 250,
    "estado": false
  }
}
]
